{"cameraMode":{"drawMode":0,"name":"Shaded","section":"Shading Mode"},"sceneLighting":true,"audioPlay":false,"sceneViewState":{"showFog":true,"showMaterialUpdate":false,"showSkybox":true,"showFlares":true,"showImageEffects":true,"showParticleSystems":true},"in2DMode":false,"pivot":{"x":-19.32408332824707,"y":3.7123701572418215,"z":-5.894593715667725},"rotation":{"x":-0.038860712200403216,"y":-0.6121315956115723,"z":-0.0301407091319561,"w":0.7892252206802368},"size":2.2867321968078615,"orthographic":false}