{"cameraMode":{"drawMode":0,"name":"Shaded","section":"Shading Mode"},"sceneLighting":true,"audioPlay":false,"sceneViewState":{"showFog":true,"showMaterialUpdate":false,"showSkybox":true,"showFlares":true,"showImageEffects":true,"showParticleSystems":true},"in2DMode":false,"pivot":{"x":-24.483266830444337,"y":-16.0958251953125,"z":8.076366424560547},"rotation":{"x":-0.3229987621307373,"y":-0.15045958757400514,"z":0.05209306627511978,"w":-0.9329094290733337},"size":41.94278335571289,"orthographic":false}